Id,Titre,Description,Service,Date
1,Incident A,Description A,Production,2020-05-10
2,Incident B,Description B,Maintenance,2021-06-15
3,Incident C,Description C,Production,2021-07-20
4,Incident D,Description D,Qualité,2020-08-25
5,Incident E,Description E,Maintenance,2021-09-30
6,Incident F,Description F,Production,2020-10-05
7,Incident G,Description G,Qualité,2021-11-12
8,Incident H,Description H,Logistique,2020-12-22
9,Incident I,Description I,Logistique,2021-01-18
10,Incident J,Description J,Production,2021-03-27